standard,category,subject,title,publication,default_qty_per_student
PRE KG,NB,,80 PAGES,,2
LKG,INHOUSE,,LKG BOOK SET,DAV PUBLICATION,
LKG,NB,,"0.75"" MATHS BROAD CHECKS",,1
LKG,NB,,172 PAGES FOUR RULED,,1
LKG,TB,,LKG ART,DAV PUBLICATION,
LKG,TB,,LKG CRAFT,DAV PUBLICATION,
LKG,TB,,LKG ENGLISH 1,DAV PUBLICATION,
LKG,TB,,LKG ENGLISH 2,DAV PUBLICATION,
LKG,TB,,LKG GENERAL KNOWLEDGE,DAV PUBLICATION,
LKG,TB,,LKG HINDI,DAV PUBLICATION,
LKG,TB,,LKG NUMBER WORK,DAV PUBLICATION,
LKG,TB,,LKG RHYMES,DAV PUBLICATION,
LKG,TB,,LKG TAMIL,DAV PUBLICATION,
LKG,TB,,LKG WORKSHEET,DAV PUBLICATION,
UKG,INHOUSE,,UKG BOOK SET,DAV PUBLICATION,
UKG,NB,,"0.75 "" MATHS BROAD CHECKS",,2
UKG,NB,,172 PAGES FOUR RULED,,2
UKG,TB,,LKG HINDI,DAV PUBLICATION,
UKG,TB,,UKG ART,DAV PUBLICATION,
UKG,TB,,UKG CRAFT,DAV PUBLICATION,
UKG,TB,,UKG ENGLISH 1,DAV PUBLICATION,
UKG,TB,,UKG ENGLISH 2,DAV PUBLICATION,
UKG,TB,,UKG GENERAL KNOWLEDGE 1,DAV PUBLICATION,
UKG,TB,,UKG GENERAL KNOWLEDGE 2,DAV PUBLICATION,
UKG,TB,,UKG NUMBER WORK 1,DAV PUBLICATION,
UKG,TB,,UKG NUMBER WORK 2,DAV PUBLICATION,
UKG,TB,,UKG RHYMES,DAV PUBLICATION,
UKG,TB,,UKG TAMIL,DAV PUBLICATION,
UKG,TB,,UKG WORKSHEET,DAV PUBLICATION,
I,INHOUSE,,Art - Kalakruti Class 1,DAV PUBLICATION,
I,INHOUSE,,Cursive Writing Class 1,DAV PUBLICATION,
I,INHOUSE,,Fostering Vedic Values Class 1,DAV PUBLICATION,
I,INHOUSE,,Mantras and Shlokas Class 1,DAV PUBLICATION,
I,INHOUSE,,Mathematics - Anubhav Ganitam Class 1,DAV PUBLICATION,
I,INHOUSE,,Mathematics - Ganitam Class 1-Part 1,DAV PUBLICATION,
I,INHOUSE,,Mathematics - Ganitam Class 1-Part 2,DAV PUBLICATION,
I,INHOUSE,,Spoken English - Speaking Circles Class 1,DAV PUBLICATION,
I,NB,,172 P 1/2 INCH CHECKED,,
I,NB,,172 P BROAD RULED,,
I,NB,,172 P DOUBLE RULED,,
I,NB,,172 P FOUR RULED,,
I,NB,,92 P FOUR RULED,,
I,TB,MATHS,ANUBHAV GANITHAM,DAV PUBLICATION,
I,TB,ENGLISH,CURSIVE WRITING,DAV PUBLICATION,
I,TB,M.I BOOK,FOSTERING VEDIC VALUES,DAV PUBLICATION,
I,TB,MATHS,GANITAM MATHEMATICS ( PART I ),DAV PUBLICATION,
I,TB,MATHS,GANITAM MATHEMATICS ( PART II ),DAV PUBLICATION,
I,TB,HINDI( III LAN),GYAN SURABHI,DAV PUBLICATION,
I,TB,ART BOOK,KALA KRUTI,DAV PUBLICATION,
I,TB,M.I BOOK,MANTRAS & SLOKAS BOOKLET,DAV PUBLICATION,
I,TB,ENGLISH,NEW GULMOHAR LANGUAGE FOR LIFE - NEP EDITION,ORIENT BLACK SWAN,
I,TB,SPEAKING CIRCLE,SPEAKING CIRCLE,DAV PUBLICATION,
I,TB,TAMIL (II LAN),TAMIL TEXT BOOK I,T.N. GOVERNMENT,
I,TB,TAMIL (III LAN),TAMIL TULI,DAV PUBLICATION,
I,TB,HINDI( II LAN),TARANGINI,DAV PUBLICATION,
I,TB,M.I BOOK,VEDIC AGNIHOTRA,DAV PUBLICATION,
I,TB,ENGLISH,VOLT ENGLISH GRAMMAR & COMPOSITION,VIVA PUBLICATION,
II,INHOUSE,,Art - Kalakruti Class 2,DAV PUBLICATION,
II,INHOUSE,,Cursive Writing Class 2,DAV PUBLICATION,
II,INHOUSE,,Fostering Vedic Values Class 2,DAV PUBLICATION,
II,INHOUSE,,II Lang. Hindi - Tarangini Class 1,DAV PUBLICATION,
II,INHOUSE,,II Lang. Hindi - Tarangini Class 2,DAV PUBLICATION,
II,INHOUSE,,II Lang. Hindi - Tarangini Class 3,DAV PUBLICATION,
II,INHOUSE,,II Lang. Hindi - Tarangini Class 4,DAV PUBLICATION,
II,INHOUSE,,Mantras and Shlokas Class 2,DAV PUBLICATION,
II,INHOUSE,,Mathematics - Anubhav Ganitam Class 2,DAV PUBLICATION,
II,INHOUSE,,Mathematics - Ganitam Class 2-Part 1,DAV PUBLICATION,
II,INHOUSE,,Mathematics - Ganitam Class 2-Part 2,DAV PUBLICATION,
II,INHOUSE,,Spoken English - Speaking Circles Class 2,DAV PUBLICATION,
II,NB,,172 P 1/2 INCH CHECKED,,
II,NB,,172 P BROAD RULED,,
II,NB,,172 P DOUBLE RULED,,
II,NB,,172 P FOUR RULED,,
II,NB,,92 P FOUR RULED,,
II,TB,MATHS,ANUBHAV GANITAM,DAV PUBLICATION,
II,TB,ENGLISH,CURSIVE WRITING,DAV PUBLICATION,
II,TB,M.I BOOK,FOSTERING VEDIC VALUES,DAV PUBLICATION,
II,TB,MATHS,GANITAM MATHEMATICS ( PART I ),DAV PUBLICATION,
II,TB,MATHS,GANITAM MATHEMATICS ( PART II ),DAV PUBLICATION,
II,TB,HINDI( III LAN),GYAN SURABHI,DAV PUBLICATION,
II,TB,ART BOOK,KALA KRUTI,DAV PUBLICATION,
II,TB,M.I BOOK,MANTRAS & SLOKA BOOKLET,DAV PUBLICATION,
II,TB,ENGLISH,NEW GULMOHAR LANGUAGE FOR LIFE - NEP EDITION,ORIENT BLACK SWAN,
II,TB,nan,SPEAKING CIRCLE,DAV PUBLICATION,
II,TB,TAMIL (II LAN),TAMIL TEXT BOOK,T.N. GOVERNMENT,
II,TB,TAMIL (III LAN),TAMIL THULI,DAV PUBLICATION,
II,TB,HINDI( II LAN),TARANGINI,DAV PUBLICATION,
II,TB,MI,VEDIC AGNIHOTRA,DAV PUBLICATION,
II,TB,ENGLISH,VOLT ENGLISH GRAMMAR & COMPOSITION,VIVA PUBLICATION,
III,INHOUSE,,Art - Kalakruti Class 3,DAV PUBLICATION,
III,INHOUSE,,Cursive Writing Class 3,DAV PUBLICATION,
III,INHOUSE,,EVS - Vasudhaiva Kutumbakam Class 3-Part 1,DAV PUBLICATION,
III,INHOUSE,,EVS - Vasudhaiva Kutumbakam Class 3-Part 2,DAV PUBLICATION,
III,INHOUSE,,Fostering Vedic Values Class 3,DAV PUBLICATION,
III,INHOUSE,,III Lang. Hindi - Gyan Surabhi Class 1,DAV PUBLICATION,
III,INHOUSE,,III Lang. Hindi - Gyan Surabhi Class 2,DAV PUBLICATION,
III,INHOUSE,,III Lang. Hindi - Gyan Surabhi Class 3,DAV PUBLICATION,
III,INHOUSE,,III Lang. Hindi - Gyan Surabhi Class 4,DAV PUBLICATION,
III,INHOUSE,,III Lang. Hindi - Gyan Surabhi Class 5,DAV PUBLICATION,
III,INHOUSE,,III Lang. Hindi - Gyan Surabhi Class 6,DAV PUBLICATION,
III,INHOUSE,,III Lang. Hindi - Gyan Surabhi Class 7,DAV PUBLICATION,
III,INHOUSE,,III Lang. Hindi - Gyan Surabhi Class 8,DAV PUBLICATION,
III,INHOUSE,,III Lang. Tamil - Tamilthuli Class 1,DAV PUBLICATION,
III,INHOUSE,,III Lang. Tamil - Tamilthuli Class 2,DAV PUBLICATION,
III,INHOUSE,,IT @ School - Computer Science Text - Class 3,DAV PUBLICATION,
III,INHOUSE,,Mathematics - Anubhav Ganitam Class 3,DAV PUBLICATION,
III,INHOUSE,,Mathematics - Chitha Ganitam Class 3,DAV PUBLICATION,
III,INHOUSE,,Mathematics - Ganitam Class 3-Part 1,DAV PUBLICATION,
III,INHOUSE,,Mathematics - Ganitam Class 3-Part 2,DAV PUBLICATION,
III,INHOUSE,,Skill Zone Worksheet 3,DAV PUBLICATION,
III,INHOUSE,,Spoken English - Speaking Circles Class 3,DAV PUBLICATION,
III,NB,,172 P BROAD RULED,,
III,NB,,172 P MATHS RULED,,
III,NB,,80 P UNRULED LONG,,
III,NB,,92 P SINGLE RULED,,
III,TB,MATHS,ANUBHAV GANITAM,DAV PUBLICATION,
III,TB,MATHS,CHITHA GANITAM,DAV PUBLICATION,
III,TB,ENGLISH,CURSIVE WRITING,DAV PUBLICATION,
III,TB,M.I BOOK,FOSTERING VEDIC VALUES,DAV PUBLICATION,
III,TB,MATHS,GANITAM MATHEMATICS ( PART I ),DAV PUBLICATION,
III,TB,MATHS,GANITAM MATHEMATICS ( PART II ),DAV PUBLICATION,
III,TB,HINDI( III LAN),GYAN SURABHI,DAV PUBLICATION,
III,TB,COM.SCI,IT@SCHOOL,DAV PUBLICATION,
III,TB,ART BOOK,KALA KRUTI,DAV PUBLICATION,
III,TB,ENGLISH,NEW GULMOHAR LANGUAGE FOR LIFE - NEP EDITION,ORIENT BLACK SWAN,
III,TB,COM.SCI,SKILL ZONE WORKSHEET,DAV PUBLICATION,
III,TB,nan,SPEAKING CIRCLE,DAV PUBLICATION,
III,TB,TAMIL (II LAN),TAMIL TEXT BOOK,T.N. GOVERNMENT,
III,TB,TAMIL (III LAN),TAMIL VIRTUAL UNIVERSITY,TAMIL VIRTUAL UNIVERSITY,
III,TB,HINDI( II LAN),TARANGINI,DAV PUBLICATION,
III,TB,E.V.S,VASUDHAIVA KUTUMBAKKAM ( PART I ),DAV PUBLICATION,
III,TB,E.V.S,VASUDHAIVA KUTUMBAKKAM ( PART II ),DAV PUBLICATION,
III,TB,M.I BOOK,VEDIC AGNIHOTRA,DAV PUBLICATION,
III,TB,ENGLISH,VOLT ENGLISH GRAMMAR & COMPOSITION,VIVA PUBLICATION,
IV,INHOUSE,,Art - Kalakruti Class 4,DAV PUBLICATION,
IV,INHOUSE,,Cursive Writing Class 4,DAV PUBLICATION,
IV,INHOUSE,,EVS - Vasudhaiva Kutumbakam Class 4-Part 1,DAV PUBLICATION,
IV,INHOUSE,,EVS - Vasudhaiva Kutumbakam Class 4-Part 2,DAV PUBLICATION,
IV,INHOUSE,,Fostering Vedic Values Class 4,DAV PUBLICATION,
IV,INHOUSE,,IT @ School - Computer Science Text - Class 4,DAV PUBLICATION,
IV,INHOUSE,,Mantras and Shlokas Class 4,DAV PUBLICATION,
IV,INHOUSE,,Mathematics - Anubhav Ganitam Class 4,DAV PUBLICATION,
IV,INHOUSE,,Mathematics - Chitha Ganitam Class 4,DAV PUBLICATION,
IV,INHOUSE,,Mathematics - Ganitam Class 4-Part 1,DAV PUBLICATION,
IV,INHOUSE,,Mathematics - Ganitam Class 4-Part 2,DAV PUBLICATION,
IV,INHOUSE,,Skill Zone Worksheet 4,DAV PUBLICATION,
IV,INHOUSE,,Spoken English - Speaking Circles Class 4,DAV PUBLICATION,
IV,NB,,172 P BROAD RULED,,
IV,NB,,172 P MATHS RULED,,
IV,NB,,80 P UNRULED LONG,,
IV,NB,,92 P SINGLE RULED,,
IV,TB,MATHS,ANUBHAV GANITAM,DAV PUBLICATION,
IV,TB,MATHS,CHITHA GANITAM,DAV PUBLICATION,
IV,TB,ENGLISH,CURSIVE WRITING,DAV PUBLICATION,
IV,TB,M.I BOOK,FOSTERING VEDIC VALUES,DAV PUBLICATION,
IV,TB,MATHS,GANITAM MATHEMATICS ( PART I),DAV PUBLICATION,
IV,TB,MATHS,GANITAM MATHEMATICS ( PART II),DAV PUBLICATION,
IV,TB,HINDI( III LAN),GYAN SURABHI,DAV PUBLICATION,
IV,TB,COM.SCI,IT@SCHOOL,DAV PUBLICATION,
IV,TB,ART BOOK,KALA KRUTI,DAV PUBLICATION,
IV,TB,M.I BOOK,MANTRAS & SLOKA BOOKLET,DAV PUBLICATION,
IV,TB,ENGLISH,NEW GULMOHAR LANGUAGE FOR LIFE - NEP EDITION,ORIENT BLACK SWAN,
IV,TB,COM.SCI,SKILL ZONE WORKSHEET,DAV PUBLICATION,
IV,TB,nan,SPEAKING CIRCLE,DAV PUBLICATION,
IV,TB,TAMIL (II LAN),TAMIL TEXT BOOK,T.N. GOVERNMENT,
IV,TB,TAMIL (III LAN),TAMIL VIRTUAL UNIVERSITY,TAMIL VIRTUAL UNIVERSITY,
IV,TB,HINDI( II LAN),THARANGINI,DAV PUBLICATION,
IV,TB,E.V.S,VASUDHAIVA KUTUMBAKKAM (PART I ),DAV PUBLICATION,
IV,TB,E.V.S,VASUDHAIVA KUTUMBAKKAM (PART II ),DAV PUBLICATION,
IV,TB,M.I BOOK,VEDIC AGNIHOTRA,DAV PUBLICATION,
IV,TB,ENGLISH,VOLT ENGLISH GRAMMAR & COMPOSITION,VIVA PUBLICATION,
V,INHOUSE,,Art - Kalakruti Class 5,DAV PUBLICATION,
V,INHOUSE,,Cursive Writing Class 5,DAV PUBLICATION,
V,INHOUSE,,EVS - Vasudhaiva Kutumbakam Class 5-Part 1,DAV PUBLICATION,
V,INHOUSE,,EVS - Vasudhaiva Kutumbakam Class 5-Part 2,DAV PUBLICATION,
V,INHOUSE,,Fostering Vedic Values Class 5,DAV PUBLICATION,
V,INHOUSE,,IT @ School - Computer Science Text - Class 5,DAV PUBLICATION,
V,INHOUSE,,Mantras and Shlokas Class 5,DAV PUBLICATION,
V,INHOUSE,,Mathematics - Anubhav Ganitam Class 5,DAV PUBLICATION,
V,INHOUSE,,Mathematics - Chitha Ganitam Class 5,DAV PUBLICATION,
V,INHOUSE,,Mathematics - Ganitam Class 5-Part 1,DAV PUBLICATION,
V,INHOUSE,,Mathematics - Ganitam Class 5-Part 2,DAV PUBLICATION,
V,INHOUSE,,Skill Zone Worksheet 5,DAV PUBLICATION,
V,INHOUSE,,Spoken English - Speaking Circles Class 5,DAV PUBLICATION,
V,NB,,172 P BROAD RULED,,
V,NB,,172 P MATHS RULED,,
V,NB,,80 P UNRULED LONG,,
V,NB,,92 P SINGLE RULED,,
V,TB,MATHS,ANUBHAV GANITAM,DAV PUBLICATION,
V,TB,HINDI( II LAN),BASHAMANI 5,GOOD LUCK PUBLICATION,
V,TB,MATHS,CHITHA GANITAM,DAV PUBLICATION,
V,TB,ENGLISH,CURSIVE WRITING,DAV PUBLICATION,
V,TB,M.I BOOK,FOSTERING VEDIC VALUES,DAV PUBLICATION,
V,TB,MATHS,GANITAM MATHEMATICS ( PART I ),DAV PUBLICATION,
V,TB,MATHS,GANITAM MATHEMATICS ( PART II),DAV PUBLICATION,
V,TB,HINDI( III LAN),GYAN SURABHI,DAV PUBLICATION,
V,TB,COM.SCI,IT@SCHOOL,DAV PUBLICATION,
V,TB,ART BOOK,KALA KRUTI,DAV PUBLICATION,
V,TB,M.I BOOK,MANTRAS & SLOKA BOOKLET,DAV PUBLICATION,
V,TB,ENGLISH,NEW GULMOHAR LANGUAGE FOR LIFE - NEP EDITION,ORIENT BLACK SWAN,
V,TB,COM.SCI,SKILL ZONE WORKSHEET,DAV PUBLICATION,
V,TB,nan,SPEAKING CIRCLE,DAV PUBLICATION,
V,TB,TAMIL (II LAN),TAMIL TEXT BOOK 5,T.N. GOVERNMENT,
V,TB,TAMIL (III LAN),TAMIL VIRTUAL UNIVERSITY,TAMIL VIRTUAL UNIVERSITY,
V,TB,E.V.S,VASUDHAIVA KUTUMBAKKAM - EVS I,DAV PUBLICATION,
V,TB,E.V.S,VASUDHAIVA KUTUMBAKKAM - EVS II,DAV PUBLICATION,
V,TB,M.I BOOK,VEDIC AGNIHOTRA,DAV PUBLICATION,
V,TB,ENGLISH,VOLT ENGLISH GRAMMAR & COMPOSITION,VIVA PUBLICATION,
VI,INHOUSE,,Art - Kalakruti Class 6,DAV PUBLICATION,
VI,INHOUSE,,Digital Art - Visual Literacy Class 6,DAV PUBLICATION,
VI,INHOUSE,,Fostering Vedic Values Class 6,DAV PUBLICATION,
VI,INHOUSE,,IT @ School - Computer Science Text - Class 6,DAV PUBLICATION,
VI,INHOUSE,,Mantras and Shlokas Class 6,DAV PUBLICATION,
VI,INHOUSE,,Skill Zone Worksheet 6,DAV PUBLICATION,
VI,INHOUSE,,Spoken English - Speaking Circles Class 6,DAV PUBLICATION,
VI,NB,,120 P RULED LONG,,
VI,NB,,172 P MATHS RULED,,
VI,NB,,172 P SINGLE RULED,,
VI,NB,,50 P RECORD WITH GRAPH,,
VI,NB,,92 P SINGLE RULED,,
VI,NB,,TEAR OFF SHEETS,,
VI,TB,SCIENCE,CURIOSITY,NCERT,
VI,TB,HR. & LR. SANSKRIT,DEEPAKAM,NCERT,
VI,TB,ART,DIGITAL ART - VISUAL LITERACY,DAV PUBLICATION,
VI,TB,ENGLISH,EASY LEARNING ENGLISH DICTIONARY,VIVA PUBLICATION,
VI,TB,SOC.SCIENCE,EXPLORING SOCIETY INDIA & BEYOND,NCERT,
VI,TB,M.I,FOSTERING VEDIC VALUES,DAV PUBLICATION,
VI,TB,MATHS,GANITA PRAKASH,NCERT,
VI,TB,HR. HINDI,GYAN SAGAR,GEETA PUBLICATION,
VI,TB,LR.HINDI,GYAN SURABHI,DAV PUBLICATION,
VI,TB,COM.SCI,IT@SCHOOL,DAV PUBLICATION,
VI,TB,DRAWING,KALA KRUTI,DAV PUBLICATION,
VI,TB,HR. HINDI,MALHAR,NCERT,
VI,TB,M.I,MANTRAS & SLOKA BOOKLET,DAV PUBLICATION,
VI,TB,MENTAL MATHS,MASTERING MENTAL APTITUDE,MTG,
VI,TB,ENGLISH,POORVI,NCERT,
VI,TB,COM.SCI,SKILL ZONE WORKSHEET,DAV PUBLICATION,
VI,TB,nan,SPEAKING CIRCLE,DAV PUBLICATION,
VI,TB,TAMIL (II LAN),TAMIL TEXT BOOK 6,T.N. GOVERNMENT,
VI,TB,TAMIL (III LAN),TAMIL VIRTUAL UNIVERSITY,TAMIL VIRTUAL UNIVERSITY,
VI,TB,M.I BOOK,VEDIC AGNIHOTRA,DAV PUBLICATION,
VI,TB,ENGLISH,VOLT ENGLISH GRAMMAR & COMPOSITION,VIVA PUBLICATION,
VII,INHOUSE,,Art - Kalakruti Class 7,DAV PUBLICATION,
VII,INHOUSE,,Digital Art - Visual Literacy Class 7,DAV PUBLICATION,
VII,INHOUSE,,Fostering Vedic Values Class 7,DAV PUBLICATION,
VII,INHOUSE,,IT @ School - Computer Science Text - Class 7,DAV PUBLICATION,
VII,INHOUSE,,Mantras and Shlokas Class 7,DAV PUBLICATION,
VII,INHOUSE,,Skill Zone Worksheet 7,DAV PUBLICATION,
VII,INHOUSE,,Spoken English - Speaking Circles Class 7,DAV PUBLICATION,
VII,NB,,120 P RULED LONG,,
VII,NB,,172 P MATHS RULED,,
VII,NB,,172 P SINGLE RULED,,
VII,NB,,50 P RECORD WITH GRAPH,,
VII,NB,,92 P SINGLE RULED,,
VII,TB,SCIENCE,CURIOSITY,NCERT,
VII,TB,HR. & LR. SANSKRIT,DEEPAKAM,NCERT,
VII,TB,ART,DIGITAL ART - VISUAL LITERACY,DAV PUBLICATION,
VII,TB,SOC.SCIENCE,EXPLORING SOCIETY INDIA & BEYOND I,NCERT,
VII,TB,SOC.SCIENCE,EXPLORING SOCIETY INDIA & BEYOND II,NCERT,
VII,TB,M.I,FOSTERING VEDIC VALUES,DAV PUBLICATION,
VII,TB,MATHS,GANITA PRAKASH I,NCERT,
VII,TB,MATHS,GANITA PRAKASH II,NCERT,
VII,TB,HR. HINDI,GYAN SAGAR,GEETA PUBLICATION,
VII,TB,LR.HINDI,GYAN SURABHI,DAV PUBLICATION,
VII,TB,COM.SCI,IT@SCHOOL,DAV PUBLICATION,
VII,TB,DRAWING,KALA KRUTHI,DAV PUBLICATION,
VII,TB,HR. HINDI,MALHAR,NCERT,
VII,TB,M.I,MANTRAS & SLOKA BOOKLET,DAV PUBLICATION,
VII,TB,MENTAL MATHS,MASTERING MENTAL APTITUDE,MTG,
VII,TB,ENGLISH,POORVI,NCERT,
VII,TB,COM.SCI,SKILL ZONE WORKSHEET,DAV PUBLICATION,
VII,TB,nan,SPEAKING CIRCLE,DAV PUBLICATION,
VII,TB,TAMIL (II LAN),TAMIL TEXT BOOK 7,T.N. GOVERNMENT,
VII,TB,M.I,VEDIC -AGNIHOTRA,DAV PUBLICATION,
VII,TB,ENGLISH,VOLT ENGLISH GRAMMAR & COMPOSITION,VIVA PUBLICATION,
VIII,INHOUSE,,Art - Kalakruti Class 8,DAV PUBLICATION,
VIII,INHOUSE,,Digital Art - Visual Literacy Class 8,DAV PUBLICATION,
VIII,INHOUSE,,Fostering Vedic Values Class 8,DAV PUBLICATION,
VIII,INHOUSE,,IT @ School - Computer Science Text - Class 8,DAV PUBLICATION,
VIII,INHOUSE,,Mantras and Shlokas Class 8,DAV PUBLICATION,
VIII,INHOUSE,,Skill Zone Worksheet 8,DAV PUBLICATION,
VIII,INHOUSE,,Spoken English - Speaking Circles Class 8,DAV PUBLICATION,
VIII,NB,,120 P RULED LONG,,
VIII,NB,,172 P MATHS RULED,,
VIII,NB,,172 P SINGLE RULED,,
VIII,NB,,32 P GRAPH,,
VIII,NB,,50 P RECORD WITH GRAPH,,
VIII,NB,,92 P SINGLE RULED,,
VIII,TB,SCIENCE,CURIOSITY,NCERT,
VIII,TB,HR. & LR. SANSKRIT,DEEPAKAM,NCERT,
VIII,TB,M.I,FOSTERING VEDIC VALUES,D.A.V. PUBLICATION,
VIII,TB,MATHS,GANITA PRAKASH I,NCERT,
VIII,TB,MATHS,GANITA PRAKASH II,NCERT,
VIII,TB,HR. HINDI,GYAN SAGAR,GEETHA PUBLICATION,
VIII,TB,LR.HINDI,GYAN SURABHI,D.A.V. PUBLICATION,
VIII,TB,COM.SCI,IT @ SCHOOL,D.A.V. PUBLICATION,
VIII,TB,DRAWING,KALA KRUTI,D.A.V. PUBLICATION,
VIII,TB,HR. HINDI,MALHAR HINDI,NCERT,
VIII,TB,M.I,MANTRAS & SLOKAS,D.A.V. PUBLICATION,
VIII,TB,MENTAL MATHS,MASTERING MENTAL APTITUDE,MTG,
VIII,TB,ENGLISH,POORVI,NCERT,
VIII,TB,SOC.SCIENCE,RESURGENT BHARAT I,ORANGE PUBLICATION,
VIII,TB,SOC.SCIENCE,RESURGENT BHARAT II,ORANGE PUBLICATION,
VIII,TB,COM.SCI,SKILL ZONE WORKSHEET,DAV PUBLICATION,
VIII,TB,nan,SPEAKING CIRCLE,D.A.V. PUBLICATION,
VIII,TB,TAMIL (II LAN),TAMIL TEXT BOOK 8,TN TEXT BOOK CORPORATION,
VIII,TB,TAMIL (III LAN),TAMIL VIRTUAL UNIVERSITY,TN TEXT BOOK CORPORATION,
VIII,TB,ART,VISUAL LITERACY,D.A.V. PUBLICATION,
VIII,TB,ENGLISH,VOLT ENGLISH GRAMMAR,VIVA,
IX,INHOUSE,,Digital Art - Visual Literacy Class 9,DAV PUBLICATION,
IX,INHOUSE,,Fostering Vedic Values Class 9,DAV PUBLICATION,
IX,INHOUSE,,Mantras and Shlokas Class 9,DAV PUBLICATION,
IX,INHOUSE,,Spoken English - Speaking Circles Class 9,DAV PUBLICATION,
IX,NB,,120 P RULED LONG,,
IX,NB,,172 P RULED LONG,,
IX,NB,,200 P RECORD WITH GRAPH,,
IX,NB,,50 P RECORD WITH GRAPH,,
IX,NB,,64 P GRAPH,,
IX,NB,,80 P DRAWING,,
IX,NB,,92 P SINGLE RULED,,
IX,NB,,TEAR OFF SHEETS,,
IX,TB,MI,F.V.V.,NCERT,
IX,TB,HL. HINDI,HINDI,NCERT,
IX,TB,ENGLISH,KAVERI,NCERT,
IX,TB,MI,MANTRAS & SLOKAS,NCERT,
IX,TB,MATHS,MATHS,NCERT,
IX,TB,HL. SANSKRIT,SANSKRIT,NCERT,
IX,TB,SOC.SCI,SCHOOL ATLAS,NCERT,
IX,TB,SCIENCE,SCIENCE,NCERT,
IX,TB,SOC.SCI,SOCIAL SCIENCE,NCERT,
IX,TB,nan,SPEAKING CIRCLES,NCERT,
IX,TB,TAMIL LL,TAMIL TEXT BOOK - UGARAM,NCERT,
IX,TB,TAMIL HL,TAMIL TEXT BOOK 9,NCERT,
X,INHOUSE,,Digital Art - Visual Literacy Class 10,DAV PUBLICATION,
X,INHOUSE,,Fostering Vedic Values Class 10,DAV PUBLICATION,
X,INHOUSE,,Mantras and Shlokas Class 10,DAV PUBLICATION,
X,INHOUSE,,Spoken English - Speaking Circles Class 10,DAV PUBLICATION,
X,NB,,120 P RULED LONG,,
X,NB,,172 P RULED LONG,,
X,NB,,200 P RECORD WITH GRAPH,,
X,NB,,50 P RECORD WITH GRAPH,,
X,NB,,64 P GRAPH,,
X,NB,,80 P DRAWING,,
X,NB,,92 P SINGLE RULED,,
X,TB,HL SANSKRIT,ABHAYASVAN BHAVA,NCERT,
X,TB,SOC.SCI,DEMOCRATICS POLITICS,NCERT,
X,TB,SOC.SCI,ECONOMICS,NCERT,
X,TB,ENGLISH,FIRST FLIGHT,NCERT,
X,TB,ENGLISH,FOOT PRINTS WITHOUT FEET,NCERT,
X,TB,MI,FOSTERING VEDIC VALUES,D.A.V. PUBLICATION,
X,TB,SOC.SCI,GEOGRAPHY,NCERT,
X,TB,SOC.SCI,HISTORY,NCERT,
X,TB,MI,MANTRAS AND SLOKAS,D.A.V. PUBLICATION,
X,TB,MATHS,MATHEMATICS,NCERT,
X,TB,H.L HINDI,SANCHAYAN II,NCERT,
X,TB,SCIENCE,SCIENCE,NCERT,
X,TB,HL SANSKRIT,SHEMUSHI II,NCERT,
X,TB,H.L.HINDI,SPARSH II,NCERT,
X,TB,nan,SPEAKING CIRCLES,D.A.V. PUBLICATION,
X,TB,H.L TAMIL,TAMIL READER X,TN TEXT BOOK CORPORATION,
X,TB,LL TAMIL,TAMIL VIRTUAL UNIVERSITY,TN TEXT BOOK CORPORATION,
X,TB,ENGLISH,WORDS AND EXPRESSIONS,NCERT,
XI,INHOUSE,,Digital Art - Visual Literacy Class 11,DAV PUBLICATION,
XI,INHOUSE,,Spoken English - Speaking Circles Class 11,DAV PUBLICATION,
XI,NB,,100 P RECORD WITH GRAPH,,
XI,NB,,172 P RULED LONG,,
XI,NB,,180 P BIO RECORD,,
XI,NB,,200 P CHEMISTRY RECORD,,
XI,NB,,200 P RECORD WITH GRAPH,,
XI,NB,,32 P GRAPH,,
XI,NB,,64 P GRAPH,,
XI,NB,,TEAR OFF SHEETS,,
XI,TB,BIO,BIOLOGY,NCERT,
XI,TB,B.S,BUSINESS STUDIES,NCERT,
XI,TB,CHE,CHEMISTRY I,NCERT,
XI,TB,CHE,CHEMISTRY II,NCERT,
XI,TB,COM.SCI,COMPUTER SCIENCE PYTHON,DHANPAT RAI & CO,
XI,TB,ACCOUNTANCY,DOUBLE ENTRY BOOK KEEPING,SULTANCHAND PUBLICATION,
XI,TB,ENT,ENTREPRENUERSHIP - PHOTOCOPY,PHOTO COPY,
XI,TB,ENGLISH,HORN BILL,NCERT,
XI,TB,LS,LEGAL STUDIES,PHOTO COPY,
XI,TB,MATHS,MATHEMATICS,NCERT,
XI,TB,ECONOMICS,MICRO ECONOMICS,DHANPAT RAI PUBLICATION,
XI,TB,PHY,PHYSICS I,NCERT,
XI,TB,PHY,PHYSICS II,NCERT,
XI,TB,PSY,PSYCHOLOGY,NCERT,
XI,TB,ENGLISH,SNAP SHOT,NCERT,
XI,TB,nan,SPEAKING CIRCLE,D.A.V PUBLICATION,
XI,TB,ACCOUNTANCY,STATISTICS FOR ECONOMICS,DHANPAT RAI PUBLICATION,
XI,TB,ART,VISUAL LITERACY,D.A.V PUBLICATION,
XII,INHOUSE,,Digital Art - Visual Literacy Class 12,DAV PUBLICATION,
XII,INHOUSE,,Spoken English - Speaking Circles Class 12,DAV PUBLICATION,
XII,NB,,100 P RECORD WITH GRAPH,,
XII,NB,,172 P RULED LONG,,
XII,NB,,180 P BIO RECORD,,
XII,NB,,200 P CHEMISTRY RECORD,,
XII,NB,,200 P RECORD WITH GRAPH,,
XII,NB,,32 P GRAPH,,
XII,TB,ACCOUNTANCY,ACCOUNTANCT I,NCERT,
XII,TB,ACCOUNTANCY,ACCOUNTANCT II,NCERT,
XII,TB,ACCOUNTANCY,ANALYSIS OF FINANCIAL STATEMENT,SULTANCHAND PUBLICATION,
XII,TB,BIO,BIOLOGY,NCERT,
XII,TB,B.S,BUSINESS STUDIES I,NCERT,
XII,TB,B.S,BUSINESS STUDIES II,NCERT,
XII,TB,CHEMISTRY,CHEMISTRY I,NCERT,
XII,TB,CHEMISTRY,CHEMISTRY II,NCERT,
XII,TB,ACCOUNTANCY,DOUBLE ENTRY BOOK KEEPING I,SULTANCHAND PUBLICATION,
XII,TB,ACCOUNTANCY,DOUBLE ENTRY BOOK KEEPING II,SULTANCHAND PUBLICATION,
XII,TB,ENT,ENREPRENEURSHIP,PHOTOCOPY,
XII,TB,ENG,FLAMINGO,NCERT,
XII,TB,ECONOMICS,INDIAN ECONOMIC DEVELOPMENT,DHANPAT RAI PUBLICATION,
XII,TB,L.S,LEGAL STUDIES,PHOTOCOPY,
XII,TB,ECONOMICS,MACRO ECONOMICS,DHANPAT RAI PUBLICATION,
XII,TB,MATHS,MATHEMATICS I,NCERT,
XII,TB,MATHS,MATHEMATICS II,NCERT,
XII,TB,PHYSICS,PHYSICS I,NCERT,
XII,TB,PHYSICS,PHYSICS II,NCERT,
XII,TB,PSY,PSYCHOLOGY,NCERT,
XII,TB,COM.SCI,PYTHON,DHANPAT RAI & CO,
XII,TB,nan,SPEAKING CIRCLE,D.A.V. PUBLICATION,
XII,TB,ENG,VISTAS,NCERT,
XII,TB,ART,VISUAL LITERACY,D.A.V. PUBLICATION,
OTHERS,INHOUSE,,Vedic Agnihotra,DAV PUBLICATION,
OTHERS,NB,,100 PAGES RECORD WITH GRAPH,,
OTHERS,NB,,120 PAGES RULED LONG,,
OTHERS,NB,,144 PAGES RECORD WITH GRAPH,,
OTHERS,NB,,144 PAGES RECORD WITHOUT GRAPH,,
OTHERS,NB,,172 P 0.7 INCH CHECKED,,
OTHERS,NB,,172 PAGES DOUBLE RULED,,
OTHERS,NB,,172 PAGES FOUR RULED WITH SPACE,,
OTHERS,NB,,172 PAGES I/2 INCH CHECKED,,
OTHERS,NB,,172 PAGES MATHS RULED,,
OTHERS,NB,,172 PAGES SINGLE RULED,,
OTHERS,NB,,172 PAGES SINGLE RULED (LONG),,
OTHERS,NB,,172 PAGES SINGLE RULED BROAD,,
OTHERS,NB,,172 PAGES UNRULED,,
OTHERS,NB,,180 PAGES RECORD BIOLOGY,,
OTHERS,NB,,192 PAGES ACCOUNTS N.B,,
OTHERS,NB,,200 PAGES CHEMISTRY RECORD,,
OTHERS,NB,,200 PAGES CHEMISTRY RECORD (OSA),,
OTHERS,NB,,200 PAGES RECORD WITH GRAPH,,
OTHERS,NB,,32 PAGES GRAPH,,
OTHERS,NB,,40 PAGES DRAWING SPIRAL BOUND,,
OTHERS,NB,,40 PAGES MATHS ACTIVITY,,
OTHERS,NB,,50 PAGES RECORD WITH GRAPH,,
OTHERS,NB,,64 PAGES GRAPH,,
OTHERS,NB,,80 PAGES DRAWING,,
OTHERS,NB,,80 PAGES UNRULED WITH INDEX,,
OTHERS,NB,,92 P I INCH CHECKED,,
OTHERS,NB,,92 PAGES B.S.R COMPOSTITION,,
OTHERS,NB,,92 PAGES BROAD RULED,,
OTHERS,NB,,92 PAGES FOUR RULED WITH SPACE,,
OTHERS,NB,,92 PAGES SINGLE RULED,,
OTHERS,NB,,MAP BOOKLET III,,
OTHERS,NB,,MAP BOOKLET IV,,
OTHERS,NB,,MAP BOOKLET IX,,
OTHERS,NB,,MAP BOOKLET V,,
OTHERS,NB,,MAP BOOKLET VI,,
OTHERS,NB,,MAP BOOKLET VII,,
OTHERS,NB,,MAP BOOKLET VIII,,
OTHERS,NB,,MAP BOOKLET X,,
OTHERS,STATIONERY,,APSARA ABSOLUTE PENCIL,,
OTHERS,STATIONERY,,APSARA PLATINAM KIT,,
OTHERS,STATIONERY,,CAMLIN OIL PASTEL,,
OTHERS,STATIONERY,,JUTE BAG,,
OTHERS,STATIONERY,,MATHS INST. BOX,,
OTHERS,STATIONERY,,MAXTRON PEN BLUE,,
OTHERS,STATIONERY,,TEAR OFF SHEETS,,
OTHERS,STATIONERY,,TEAR OFF SHEETS-UNRULED,,
