id,username,type,title,body,link,read,timestamp
a2f2f765d1ca,teacher1,message,admin & teacher1,admin: Hello there,messages.html?c=05c093e1c455,1,2026-08-03 14:43:19
7fa74da1255b,teacher1,announcement,Holiday,admin: School closed Friday,messages.html?c=cc48340201a4,1,2026-08-03 14:43:19
b61066af649d,teststaff,announcement,Holiday,admin: School closed Friday,messages.html?c=cc48340201a4,0,2026-08-03 14:43:19
4433da2437e0,teacher1,announcement,Maintenance,admin: System update tonight,messages.html?c=7fb8543109bc,0,2026-08-03 14:48:52
d7765ced9056,teststaff,announcement,Maintenance,admin: System update tonight,messages.html?c=7fb8543109bc,0,2026-08-03 14:48:52
5b67bf768cc9,teststaff,message,Ops chat,admin: hello world test,messages.html?c=b109914a3ced,0,2026-08-03 14:49:12
a123ee65daf3,teststaff,message,Ops chat,admin: see file,messages.html?c=b109914a3ced,0,2026-08-03 14:49:12
d72773da0321,teacher1,announcement,Maintenance,admin: System update tonight,messages.html?c=31413213e821,0,2026-08-03 14:49:12
311d41fec69a,teststaff,announcement,Maintenance,admin: System update tonight,messages.html?c=31413213e821,0,2026-08-03 14:49:12
